{
    "params": {
        "start_time": 1750556220,
        "start_price": 102379.65954234956,
        "end_time": 1750584600,
        "end_price": 102676.17784161674,
        "std_dev": 194.7868935557538,
        "slope": 0.6268885819601905,
        "intercept": 102379.65954234956
    },
    "deviations": [
        1.0,
        2.0,
        3.0,
        4.0
    ],
    "timeframe": "1m"
}