{
    "params": {
        "start_time": 1750514400,
        "start_price": 103294.85555008613,
        "end_time": 1750585500,
        "end_price": 102205.76041630049,
        "std_dev": 594.0684440499326,
        "slope": -4.595338117238989,
        "intercept": 103294.85555008613
    },
    "deviations": [
        1.0,
        2.0,
        3.0,
        4.0
    ],
    "timeframe": "5m"
}